[
  {
    "name": "SQLMI_BC_Gen5_4",
    "HardwareGen": "Gen5",
    "DocServiceTier": "Business Critical",
    "VCores": 4,
    "minSize_GB": 32,
    "maxSize_GB": 1024,
    "sizeIncrement_GB": 32,
    "Memory_GB": 20.4,
    "MaxDataIOPS": 16000,
    "IOLatencyMinInMs": 1,
    "IOLatencyMaxInMs": 2
  },
  {
    "name": "SQLMI_BC_Gen5_8",
    "HardwareGen": "Gen5",
    "DocServiceTier": "Business Critical",
    "VCores": 8,
    "minSize_GB": 32,
    "maxSize_GB": 1024,
    "sizeIncrement_GB": 32,
    "Memory_GB": 40.8,
    "MaxDataIOPS": 32000,
    "IOLatencyMinInMs": 1,
    "IOLatencyMaxInMs": 2
  },
  {
    "name": "SQLMI_BC_Gen5_16",
    "HardwareGen": "Gen5",
    "DocServiceTier": "Business Critical",
    "VCores": 16,
    "minSize_GB": 32,
    "maxSize_GB": 1024,
    "sizeIncrement_GB": 32,
    "Memory_GB": 81.6,
    "MaxDataIOPS": 64000,
    "IOLatencyMinInMs": 1,
    "IOLatencyMaxInMs": 2
  },
  {
    "name": "SQLMI_BC_Gen5_24",
    "HardwareGen": "Gen5",
    "DocServiceTier": "Business Critical",
    "VCores": 24,
    "minSize_GB": 32,
    "maxSize_GB": 2048,
    "sizeIncrement_GB": 32,
    "Memory_GB": 122.4,
    "MaxDataIOPS": 96000,
    "IOLatencyMinInMs": 1,
    "IOLatencyMaxInMs": 2
  },
  {
    "name": "SQLMI_BC_Gen5_32",
    "HardwareGen": "Gen5",
    "DocServiceTier": "Business Critical",
    "VCores": 32,
    "minSize_GB": 32,
    "maxSize_GB": 4096,
    "sizeIncrement_GB": 32,
    "Memory_GB": 163.2,
    "MaxDataIOPS": 128000,
    "IOLatencyMinInMs": 1,
    "IOLatencyMaxInMs": 2
  },
  {
    "name": "SQLMI_BC_Gen5_40",
    "HardwareGen": "Gen5",
    "DocServiceTier": "Business Critical",
    "VCores": 40,
    "minSize_GB": 32,
    "maxSize_GB": 4096,
    "sizeIncrement_GB": 32,
    "Memory_GB": 204,
    "MaxDataIOPS": 160000,
    "IOLatencyMinInMs": 1,
    "IOLatencyMaxInMs": 2
  },
  {
    "name": "SQLMI_BC_Gen5_64",
    "HardwareGen": "Gen5",
    "DocServiceTier": "Business Critical",
    "VCores": 64,
    "minSize_GB": 32,
    "maxSize_GB": 4096,
    "sizeIncrement_GB": 32,
    "Memory_GB": 326.4,
    "MaxDataIOPS": 256000,
    "IOLatencyMinInMs": 1,
    "IOLatencyMaxInMs": 2
  },
  {
    "name": "SQLMI_BC_Gen5_80",
    "HardwareGen": "Gen5",
    "DocServiceTier": "Business Critical",
    "VCores": 80,
    "minSize_GB": 32,
    "maxSize_GB": 4096,
    "sizeIncrement_GB": 32,
    "Memory_GB": 408,
    "MaxDataIOPS": 320000,
    "IOLatencyMinInMs": 1,
    "IOLatencyMaxInMs": 2
  },
  {
    "name": "SQLMI_GP_Gen5_4",
    "HardwareGen": "Gen5",
    "DocServiceTier": "General Purpose",
    "VCores": 4,
    "minSize_GB": 32,
    "maxSize_GB": 2048,
    "sizeIncrement_GB": 32,
    "Memory_GB": 20.4,
    "MaxDataIOPS": 6400,
    "IOLatencyMinInMs": 5,
    "IOLatencyMaxInMs": 10
  },
  {
    "name": "SQLMI_GP_Gen5_8",
    "HardwareGen": "Gen5",
    "DocServiceTier": "General Purpose",
    "VCores": 8,
    "minSize_GB": 32,
    "maxSize_GB": 8192,
    "sizeIncrement_GB": 32,
    "Memory_GB": 40.8,
    "MaxDataIOPS": 12800,
    "IOLatencyMinInMs": 5,
    "IOLatencyMaxInMs": 10
  },
  {
    "name": "SQLMI_GP_Gen5_16",
    "HardwareGen": "Gen5",
    "DocServiceTier": "General Purpose",
    "VCores": 16,
    "minSize_GB": 32,
    "maxSize_GB": 16384,
    "sizeIncrement_GB": 32,
    "Memory_GB": 81.6,
    "MaxDataIOPS": 25600,
    "IOLatencyMinInMs": 5,
    "IOLatencyMaxInMs": 10
  },
  {
    "name": "SQLMI_GP_Gen5_24",
    "HardwareGen": "Gen5",
    "DocServiceTier": "General Purpose",
    "VCores": 24,
    "minSize_GB": 32,
    "maxSize_GB": 16384,
    "sizeIncrement_GB": 32,
    "Memory_GB": 122.4,
    "MaxDataIOPS": 38400,
    "IOLatencyMinInMs": 5,
    "IOLatencyMaxInMs": 10
  },
  {
    "name": "SQLMI_GP_Gen5_32",
    "HardwareGen": "Gen5",
    "DocServiceTier": "General Purpose",
    "VCores": 32,
    "minSize_GB": 32,
    "maxSize_GB": 16384,
    "sizeIncrement_GB": 32,
    "Memory_GB": 163.2,
    "MaxDataIOPS": 51200,
    "IOLatencyMinInMs": 5,
    "IOLatencyMaxInMs": 10
  },
  {
    "name": "SQLMI_GP_Gen5_40",
    "HardwareGen": "Gen5",
    "DocServiceTier": "General Purpose",
    "VCores": 40,
    "minSize_GB": 32,
    "maxSize_GB": 16384,
    "sizeIncrement_GB": 32,
    "Memory_GB": 204,
    "MaxDataIOPS": 64000,
    "IOLatencyMinInMs": 5,
    "IOLatencyMaxInMs": 10
  },
  {
    "name": "SQLMI_GP_Gen5_64",
    "HardwareGen": "Gen5",
    "DocServiceTier": "General Purpose",
    "VCores": 64,
    "minSize_GB": 32,
    "maxSize_GB": 16384,
    "sizeIncrement_GB": 32,
    "Memory_GB": 326.4,
    "MaxDataIOPS": 80000,
    "IOLatencyMinInMs": 5,
    "IOLatencyMaxInMs": 10
  },
  {
    "name": "SQLMI_GP_Gen5_80",
    "HardwareGen": "Gen5",
    "DocServiceTier": "General Purpose",
    "VCores": 80,
    "minSize_GB": 32,
    "maxSize_GB": 16384,
    "sizeIncrement_GB": 32,
    "Memory_GB": 408,
    "MaxDataIOPS": 80000,
    "IOLatencyMinInMs": 5,
    "IOLatencyMaxInMs": 10
  },
  {
    "name": "SQLMI_GP_PremiumSeries_4",
    "HardwareGen": "Premium Series",
    "DocServiceTier": "General Purpose",
    "VCores": 4,
    "minSize_GB": 32,
    "maxSize_GB": 2048,
    "sizeIncrement_GB": 32,
    "Memory_GB": 28,
    "MaxDataIOPS": 6400,
    "IOLatencyMinInMs": 5,
    "IOLatencyMaxInMs": 10
  },
  {
    "name": "SQLMI_GP_PremiumSeries_8",
    "HardwareGen": "Premium Series",
    "DocServiceTier": "General Purpose",
    "VCores": 8,
    "minSize_GB": 32,
    "maxSize_GB": 8192,
    "sizeIncrement_GB": 32,
    "Memory_GB": 56,
    "MaxDataIOPS": 12800,
    "IOLatencyMinInMs": 5,
    "IOLatencyMaxInMs": 10
  },
  {
    "name": "SQLMI_GP_PremiumSeries_16",
    "HardwareGen": "Premium Series",
    "DocServiceTier": "General Purpose",
    "VCores": 16,
    "minSize_GB": 32,
    "maxSize_GB": 16384,
    "sizeIncrement_GB": 32,
    "Memory_GB": 112,
    "MaxDataIOPS": 25600,
    "IOLatencyMinInMs": 5,
    "IOLatencyMaxInMs": 10
  },
  {
    "name": "SQLMI_GP_PremiumSeries_24",
    "HardwareGen": "Premium Series",
    "DocServiceTier": "General Purpose",
    "VCores": 24,
    "minSize_GB": 32,
    "maxSize_GB": 16384,
    "sizeIncrement_GB": 32,
    "Memory_GB": 168,
    "MaxDataIOPS": 38400,
    "IOLatencyMinInMs": 5,
    "IOLatencyMaxInMs": 10
  },
  {
    "name": "SQLMI_GP_PremiumSeries_32",
    "HardwareGen": "Premium Series",
    "DocServiceTier": "General Purpose",
    "VCores": 32,
    "minSize_GB": 32,
    "maxSize_GB": 16384,
    "sizeIncrement_GB": 32,
    "Memory_GB": 224,
    "MaxDataIOPS": 51200,
    "IOLatencyMinInMs": 5,
    "IOLatencyMaxInMs": 10
  },
  {
    "name": "SQLMI_GP_PremiumSeries_40",
    "HardwareGen": "Premium Series",
    "DocServiceTier": "General Purpose",
    "VCores": 40,
    "minSize_GB": 32,
    "maxSize_GB": 16384,
    "sizeIncrement_GB": 32,
    "Memory_GB": 280,
    "MaxDataIOPS": 64000,
    "IOLatencyMinInMs": 5,
    "IOLatencyMaxInMs": 10
  },
  {
    "name": "SQLMI_GP_PremiumSeries_64",
    "HardwareGen": "Premium Series",
    "DocServiceTier": "General Purpose",
    "VCores": 64,
    "minSize_GB": 32,
    "maxSize_GB": 16384,
    "sizeIncrement_GB": 32,
    "Memory_GB": 448,
    "MaxDataIOPS": 80000,
    "IOLatencyMinInMs": 5,
    "IOLatencyMaxInMs": 10
  },
  {
    "name": "SQLMI_GP_PremiumSeries_80",
    "HardwareGen": "Premium Series",
    "DocServiceTier": "General Purpose",
    "VCores": 80,
    "minSize_GB": 32,
    "maxSize_GB": 16384,
    "sizeIncrement_GB": 32,
    "Memory_GB": 560,
    "MaxDataIOPS": 80000,
    "IOLatencyMinInMs": 5,
    "IOLatencyMaxInMs": 10
  },
  {
    "name": "SQLMI_BC_PremiumSeries_4",
    "HardwareGen": "Premium Series",
    "DocServiceTier": "Business Critical",
    "VCores": 4,
    "minSize_GB": 32,
    "maxSize_GB": 1024,
    "sizeIncrement_GB": 32,
    "Memory_GB": 28,
    "MaxDataIOPS": 16000,
    "IOLatencyMinInMs": 1,
    "IOLatencyMaxInMs": 2
  },
  {
    "name": "SQLMI_BC_PremiumSeries_6",
    "HardwareGen": "Premium Series",
    "DocServiceTier": "Business Critical",
    "VCores": 6,
    "minSize_GB": 32,
    "maxSize_GB": 1024,
    "sizeIncrement_GB": 32,
    "Memory_GB": 42,
    "MaxDataIOPS": 24000,
    "IOLatencyMinInMs": 1,
    "IOLatencyMaxInMs": 2
  },
  {
    "name": "SQLMI_BC_PremiumSeries_8",
    "HardwareGen": "Premium Series",
    "DocServiceTier": "Business Critical",
    "VCores": 8,
    "minSize_GB": 32,
    "maxSize_GB": 2048,
    "sizeIncrement_GB": 32,
    "Memory_GB": 56,
    "MaxDataIOPS": 32000,
    "IOLatencyMinInMs": 1,
    "IOLatencyMaxInMs": 2
  },
  {
    "name": "SQLMI_BC_PremiumSeries_10",
    "HardwareGen": "Premium Series",
    "DocServiceTier": "Business Critical",
    "VCores": 10,
    "minSize_GB": 32,
    "maxSize_GB": 2048,
    "sizeIncrement_GB": 32,
    "Memory_GB": 70,
    "MaxDataIOPS": 40000,
    "IOLatencyMinInMs": 1,
    "IOLatencyMaxInMs": 2
  },
  {
    "name": "SQLMI_BC_PremiumSeries_12",
    "HardwareGen": "Premium Series",
    "DocServiceTier": "Business Critical",
    "VCores": 12,
    "minSize_GB": 32,
    "maxSize_GB": 2048,
    "sizeIncrement_GB": 32,
    "Memory_GB": 84,
    "MaxDataIOPS": 48000,
    "IOLatencyMinInMs": 1,
    "IOLatencyMaxInMs": 2
  },
  {
    "name": "SQLMI_BC_PremiumSeries_16",
    "HardwareGen": "Premium Series",
    "DocServiceTier": "Business Critical",
    "VCores": 16,
    "minSize_GB": 32,
    "maxSize_GB": 4096,
    "sizeIncrement_GB": 32,
    "Memory_GB": 112,
    "MaxDataIOPS": 64000,
    "IOLatencyMinInMs": 1,
    "IOLatencyMaxInMs": 2
  },
  {
    "name": "SQLMI_BC_PremiumSeries_20",
    "HardwareGen": "Premium Series",
    "DocServiceTier": "Business Critical",
    "VCores": 20,
    "minSize_GB": 32,
    "maxSize_GB": 4096,
    "sizeIncrement_GB": 32,
    "Memory_GB": 140,
    "MaxDataIOPS": 80000,
    "IOLatencyMinInMs": 1,
    "IOLatencyMaxInMs": 2
  },
  {
    "name": "SQLMI_BC_PremiumSeries_24",
    "HardwareGen": "Premium Series",
    "DocServiceTier": "Business Critical",
    "VCores": 24,
    "minSize_GB": 32,
    "maxSize_GB": 5632,
    "sizeIncrement_GB": 32,
    "Memory_GB": 168,
    "MaxDataIOPS": 96000,
    "IOLatencyMinInMs": 1,
    "IOLatencyMaxInMs": 2
  },
  {
    "name": "SQLMI_BC_PremiumSeries_32",
    "HardwareGen": "Premium Series",
    "DocServiceTier": "Business Critical",
    "VCores": 32,
    "minSize_GB": 32,
    "maxSize_GB": 5632,
    "sizeIncrement_GB": 32,
    "Memory_GB": 224,
    "MaxDataIOPS": 128000,
    "IOLatencyMinInMs": 1,
    "IOLatencyMaxInMs": 2
  },
  {
    "name": "SQLMI_BC_PremiumSeries_40",
    "HardwareGen": "Premium Series",
    "DocServiceTier": "Business Critical",
    "VCores": 40,
    "minSize_GB": 32,
    "maxSize_GB": 5632,
    "sizeIncrement_GB": 32,
    "Memory_GB": 280,
    "MaxDataIOPS": 160000,
    "IOLatencyMinInMs": 1,
    "IOLatencyMaxInMs": 2
  },
  {
    "name": "SQLMI_BC_PremiumSeries_48",
    "HardwareGen": "Premium Series",
    "DocServiceTier": "Business Critical",
    "VCores": 48,
    "minSize_GB": 32,
    "maxSize_GB": 5632,
    "sizeIncrement_GB": 32,
    "Memory_GB": 336,
    "MaxDataIOPS": 192000,
    "IOLatencyMinInMs": 1,
    "IOLatencyMaxInMs": 2
  },
  {
    "name": "SQLMI_BC_PremiumSeries_56",
    "HardwareGen": "Premium Series",
    "DocServiceTier": "Business Critical",
    "VCores": 56,
    "minSize_GB": 32,
    "maxSize_GB": 5632,
    "sizeIncrement_GB": 32,
    "Memory_GB": 392,
    "MaxDataIOPS": 224000,
    "IOLatencyMinInMs": 1,
    "IOLatencyMaxInMs": 2
  },
  {
    "name": "SQLMI_BC_PremiumSeries_64",
    "HardwareGen": "Premium Series",
    "DocServiceTier": "Business Critical",
    "VCores": 64,
    "minSize_GB": 32,
    "maxSize_GB": 5632,
    "sizeIncrement_GB": 32,
    "Memory_GB": 448,
    "MaxDataIOPS": 256000,
    "IOLatencyMinInMs": 1,
    "IOLatencyMaxInMs": 2
  },
  {
    "name": "SQLMI_BC_PremiumSeries_80",
    "HardwareGen": "Premium Series",
    "DocServiceTier": "Business Critical",
    "VCores": 80,
    "minSize_GB": 32,
    "maxSize_GB": 5632,
    "sizeIncrement_GB": 32,
    "Memory_GB": 560,
    "MaxDataIOPS": 320000,
    "IOLatencyMinInMs": 1,
    "IOLatencyMaxInMs": 2
  },
  {
    "name": "SQLMI_BC_PremiumSeries_96",
    "HardwareGen": "Premium Series",
    "DocServiceTier": "Business Critical",
    "VCores": 96,
    "minSize_GB": 32,
    "maxSize_GB": 5632,
    "sizeIncrement_GB": 32,
    "Memory_GB": 560,
    "MaxDataIOPS": 320000,
    "IOLatencyMinInMs": 1,
    "IOLatencyMaxInMs": 2
  },
  {
    "name": "SQLMI_BC_PremiumSeries_128",
    "HardwareGen": "Premium Series",
    "DocServiceTier": "Business Critical",
    "VCores": 128,
    "minSize_GB": 32,
    "maxSize_GB": 5632,
    "sizeIncrement_GB": 32,
    "Memory_GB": 560,
    "MaxDataIOPS": 320000,
    "IOLatencyMinInMs": 1,
    "IOLatencyMaxInMs": 2
  },
  {
    "name": "SQLMI_GP_PremiumSeries_MemoryOptimized_4",
    "HardwareGen": "Premium Series - Memory Optimized",
    "DocServiceTier": "General Purpose",
    "VCores": 4,
    "minSize_GB": 32,
    "maxSize_GB": 2048,
    "sizeIncrement_GB": 32,
    "Memory_GB": 54.4,
    "MaxDataIOPS": 6400,
    "IOLatencyMinInMs": 5,
    "IOLatencyMaxInMs": 10
  },
  {
    "name": "SQLMI_GP_PremiumSeries_MemoryOptimized_8",
    "HardwareGen": "Premium Series - Memory Optimized",
    "DocServiceTier": "General Purpose",
    "VCores": 8,
    "minSize_GB": 32,
    "maxSize_GB": 8192,
    "sizeIncrement_GB": 32,
    "Memory_GB": 108.8,
    "MaxDataIOPS": 12800,
    "IOLatencyMinInMs": 5,
    "IOLatencyMaxInMs": 10
  },
  {
    "name": "SQLMI_GP_PremiumSeries_MemoryOptimized_16",
    "HardwareGen": "Premium Series - Memory Optimized",
    "DocServiceTier": "General Purpose",
    "VCores": 16,
    "minSize_GB": 32,
    "maxSize_GB": 16384,
    "sizeIncrement_GB": 32,
    "Memory_GB": 217.6,
    "MaxDataIOPS": 25600,
    "IOLatencyMinInMs": 5,
    "IOLatencyMaxInMs": 10
  },
  {
    "name": "SQLMI_GP_PremiumSeries_MemoryOptimized_24",
    "HardwareGen": "Premium Series - Memory Optimized",
    "DocServiceTier": "General Purpose",
    "VCores": 24,
    "minSize_GB": 32,
    "maxSize_GB": 16384,
    "sizeIncrement_GB": 32,
    "Memory_GB": 326.4,
    "MaxDataIOPS": 38400,
    "IOLatencyMinInMs": 5,
    "IOLatencyMaxInMs": 10
  },
  {
    "name": "SQLMI_GP_PremiumSeries_MemoryOptimized_32",
    "HardwareGen": "Premium Series - Memory Optimized",
    "DocServiceTier": "General Purpose",
    "VCores": 32,
    "minSize_GB": 32,
    "maxSize_GB": 16384,
    "sizeIncrement_GB": 32,
    "Memory_GB": 435.2,
    "MaxDataIOPS": 51200,
    "IOLatencyMinInMs": 5,
    "IOLatencyMaxInMs": 10
  },
  {
    "name": "SQLMI_GP_PremiumSeries_MemoryOptimized_40",
    "HardwareGen": "Premium Series - Memory Optimized",
    "DocServiceTier": "General Purpose",
    "VCores": 40,
    "minSize_GB": 32,
    "maxSize_GB": 16384,
    "sizeIncrement_GB": 32,
    "Memory_GB": 544,
    "MaxDataIOPS": 64000,
    "IOLatencyMinInMs": 5,
    "IOLatencyMaxInMs": 10
  },
  {
    "name": "SQLMI_GP_PremiumSeries_MemoryOptimized_64",
    "HardwareGen": "Premium Series - Memory Optimized",
    "DocServiceTier": "General Purpose",
    "VCores": 64,
    "minSize_GB": 32,
    "maxSize_GB": 16384,
    "sizeIncrement_GB": 32,
    "Memory_GB": 870.4,
    "MaxDataIOPS": 76800,
    "IOLatencyMinInMs": 5,
    "IOLatencyMaxInMs": 10
  },
  {
    "name": "SQLMI_GP_PremiumSeries_MemoryOptimized_80",
    "HardwareGen": "Premium Series - Memory Optimized",
    "DocServiceTier": "General Purpose",
    "VCores": 80,
    "minSize_GB": 32,
    "maxSize_GB": 16384,
    "sizeIncrement_GB": 32,
    "Memory_GB": 870.4,
    "MaxDataIOPS": 80000,
    "IOLatencyMinInMs": 5,
    "IOLatencyMaxInMs": 10
  },
  {
    "name": "SQLMI_BC_PremiumSeries_MemoryOptimized_4",
    "HardwareGen": "Premium Series - Memory Optimized",
    "DocServiceTier": "Business Critical",
    "VCores": 4,
    "minSize_GB": 32,
    "maxSize_GB": 1024,
    "sizeIncrement_GB": 32,
    "Memory_GB": 54.4,
    "MaxDataIOPS": 16000,
    "IOLatencyMinInMs": 1,
    "IOLatencyMaxInMs": 2
  },
  {
    "name": "SQLMI_BC_PremiumSeries_MemoryOptimized_6",
    "HardwareGen": "Premium Series - Memory Optimized",
    "DocServiceTier": "Business Critical",
    "VCores": 6,
    "minSize_GB": 32,
    "maxSize_GB": 1024,
    "sizeIncrement_GB": 32,
    "Memory_GB": 81.6,
    "MaxDataIOPS": 24000,
    "IOLatencyMinInMs": 1,
    "IOLatencyMaxInMs": 2
  },
  {
    "name": "SQLMI_BC_PremiumSeries_MemoryOptimized_8",
    "HardwareGen": "Premium Series - Memory Optimized",
    "DocServiceTier": "Business Critical",
    "VCores": 8,
    "minSize_GB": 32,
    "maxSize_GB": 2048,
    "sizeIncrement_GB": 32,
    "Memory_GB": 108.8,
    "MaxDataIOPS": 32000,
    "IOLatencyMinInMs": 1,
    "IOLatencyMaxInMs": 2
  },
  {
    "name": "SQLMI_BC_PremiumSeries_MemoryOptimized_10",
    "HardwareGen": "Premium Series - Memory Optimized",
    "DocServiceTier": "Business Critical",
    "VCores": 10,
    "minSize_GB": 32,
    "maxSize_GB": 2048,
    "sizeIncrement_GB": 32,
    "Memory_GB": 136,
    "MaxDataIOPS": 40000,
    "IOLatencyMinInMs": 1,
    "IOLatencyMaxInMs": 2
  },
  {
    "name": "SQLMI_BC_PremiumSeries_MemoryOptimized_12",
    "HardwareGen": "Premium Series - Memory Optimized",
    "DocServiceTier": "Business Critical",
    "VCores": 12,
    "minSize_GB": 32,
    "maxSize_GB": 2048,
    "sizeIncrement_GB": 32,
    "Memory_GB": 163.2,
    "MaxDataIOPS": 48000,
    "IOLatencyMinInMs": 1,
    "IOLatencyMaxInMs": 2
  },
  {
    "name": "SQLMI_BC_PremiumSeries_MemoryOptimized_16",
    "HardwareGen": "Premium Series - Memory Optimized",
    "DocServiceTier": "Business Critical",
    "VCores": 16,
    "minSize_GB": 32,
    "maxSize_GB": 4069,
    "sizeIncrement_GB": 32,
    "Memory_GB": 217.6,
    "MaxDataIOPS": 64000,
    "IOLatencyMinInMs": 1,
    "IOLatencyMaxInMs": 2
  },
  {
    "name": "SQLMI_BC_PremiumSeries_MemoryOptimized_20",
    "HardwareGen": "Premium Series - Memory Optimized",
    "DocServiceTier": "Business Critical",
    "VCores": 20,
    "minSize_GB": 32,
    "maxSize_GB": 4069,
    "sizeIncrement_GB": 32,
    "Memory_GB": 272,
    "MaxDataIOPS": 80000,
    "IOLatencyMinInMs": 1,
    "IOLatencyMaxInMs": 2
  },
  {
    "name": "SQLMI_BC_PremiumSeries_MemoryOptimized_24",
    "HardwareGen": "Premium Series - Memory Optimized",
    "DocServiceTier": "Business Critical",
    "VCores": 24,
    "minSize_GB": 32,
    "maxSize_GB": 5632,
    "sizeIncrement_GB": 32,
    "Memory_GB": 326.4,
    "MaxDataIOPS": 96000,
    "IOLatencyMinInMs": 1,
    "IOLatencyMaxInMs": 2
  },
  {
    "name": "SQLMI_BC_PremiumSeries_MemoryOptimized_32",
    "HardwareGen": "Premium Series - Memory Optimized",
    "DocServiceTier": "Business Critical",
    "VCores": 32,
    "minSize_GB": 32,
    "maxSize_GB": 5632,
    "sizeIncrement_GB": 32,
    "Memory_GB": 435.2,
    "MaxDataIOPS": 128000,
    "IOLatencyMinInMs": 1,
    "IOLatencyMaxInMs": 2
  },
  {
    "name": "SQLMI_BC_PremiumSeries_MemoryOptimized_40",
    "HardwareGen": "Premium Series - Memory Optimized",
    "DocServiceTier": "Business Critical",
    "VCores": 40,
    "minSize_GB": 32,
    "maxSize_GB": 5632,
    "sizeIncrement_GB": 32,
    "Memory_GB": 544,
    "MaxDataIOPS": 160000,
    "IOLatencyMinInMs": 1,
    "IOLatencyMaxInMs": 2
  },
  {
    "name": "SQLMI_BC_PremiumSeries_MemoryOptimized_48",
    "HardwareGen": "Premium Series - Memory Optimized",
    "DocServiceTier": "Business Critical",
    "VCores": 48,
    "minSize_GB": 32,
    "maxSize_GB": 12288,
    "sizeIncrement_GB": 32,
    "Memory_GB": 652.8,
    "MaxDataIOPS": 192000,
    "IOLatencyMinInMs": 1,
    "IOLatencyMaxInMs": 2
  },
  {
    "name": "SQLMI_BC_PremiumSeries_MemoryOptimized_56",
    "HardwareGen": "Premium Series - Memory Optimized",
    "DocServiceTier": "Business Critical",
    "VCores": 56,
    "minSize_GB": 32,
    "maxSize_GB": 12288,
    "sizeIncrement_GB": 32,
    "Memory_GB": 761.6,
    "MaxDataIOPS": 224000,
    "IOLatencyMinInMs": 1,
    "IOLatencyMaxInMs": 2
  },
  {
    "name": "SQLMI_BC_PremiumSeries_MemoryOptimized_64",
    "HardwareGen": "Premium Series - Memory Optimized",
    "DocServiceTier": "Business Critical",
    "VCores": 64,
    "minSize_GB": 32,
    "maxSize_GB": 16384,
    "sizeIncrement_GB": 32,
    "Memory_GB": 870.4,
    "MaxDataIOPS": 256000,
    "IOLatencyMinInMs": 1,
    "IOLatencyMaxInMs": 2
  },
  {
    "name": "SQLMI_BC_PremiumSeries_MemoryOptimized_80",
    "HardwareGen": "Premium Series - Memory Optimized",
    "DocServiceTier": "Business Critical",
    "VCores": 80,
    "minSize_GB": 32,
    "maxSize_GB": 16384,
    "sizeIncrement_GB": 32,
    "Memory_GB": 870.4,
    "MaxDataIOPS": 320000,
    "IOLatencyMinInMs": 1,
    "IOLatencyMaxInMs": 2
  },
  {
    "name": "SQLMI_BC_PremiumSeries_MemoryOptimized_96",
    "HardwareGen": "Premium Series - Memory Optimized",
    "DocServiceTier": "Business Critical",
    "VCores": 96,
    "minSize_GB": 32,
    "maxSize_GB": 16384,
    "sizeIncrement_GB": 32,
    "Memory_GB": 870.4,
    "MaxDataIOPS": 320000,
    "IOLatencyMinInMs": 1,
    "IOLatencyMaxInMs": 2
  },
  {
    "name": "SQLMI_BC_PremiumSeries_MemoryOptimized_128",
    "HardwareGen": "Premium Series - Memory Optimized",
    "DocServiceTier": "Business Critical",
    "VCores": 128,
    "minSize_GB": 32,
    "maxSize_GB": 16384,
    "sizeIncrement_GB": 32,
    "Memory_GB": 870.4,
    "MaxDataIOPS": 320000,
    "IOLatencyMinInMs": 1,
    "IOLatencyMaxInMs": 2
  },
  {
    "name": "SQLMI_NextGenGP_PremiumSeries_MemoryOptimized_4",
    "HardwareGen": "Premium Series - Memory Optimized",
    "DocServiceTier": "Next-Gen General Purpose",
    "VCores": 4,
    "minSize_GB": 32,
    "maxSize_GB": 2000,
    "sizeIncrement_GB": 32,
    "Memory_GB": 54.4,
    "MaxDataIOPS": "",
    "IOLatencyMinInMs": 3,
    "IOLatencyMaxInMs": 5,
    "minStorageIOps": 300,
    "maxStorageIOps": 6400,
    "iOpsIncrement": 1,
    "minThroughtputMBps": 75,
    "maxThroughtputMBps": 145,
    "throughtputIncrementMBps": 1
  },
  {
    "name": "SQLMI_NextGenGP_PremiumSeries_MemoryOptimized_6",
    "HardwareGen": "Premium Series - Memory Optimized",
    "DocServiceTier": "Next-Gen General Purpose",
    "VCores": 6,
    "minSize_GB": 32,
    "maxSize_GB": 2000,
    "sizeIncrement_GB": 32,
    "Memory_GB": 81.6,
    "MaxDataIOPS": "",
    "IOLatencyMinInMs": 3,
    "IOLatencyMaxInMs": 5,
    "minStorageIOps": 300,
    "maxStorageIOps": 9600,
    "iOpsIncrement": 1,
    "minThroughtputMBps": 75,
    "maxThroughtputMBps": 217,
    "throughtputIncrementMBps": 1
  },
  {
    "name": "SQLMI_NextGenGP_PremiumSeries_MemoryOptimized_8",
    "HardwareGen": "Premium Series - Memory Optimized",
    "DocServiceTier": "Next-Gen General Purpose",
    "VCores": 8,
    "minSize_GB": 32,
    "maxSize_GB": 8000,
    "sizeIncrement_GB": 32,
    "Memory_GB": 108.8,
    "MaxDataIOPS": "",
    "IOLatencyMinInMs": 3,
    "IOLatencyMaxInMs": 5,
    "minStorageIOps": 300,
    "maxStorageIOps": 12800,
    "iOpsIncrement": 1,
    "minThroughtputMBps": 75,
    "maxThroughtputMBps": 290,
    "throughtputIncrementMBps": 1
  },
  {
    "name": "SQLMI_NextGenGP_PremiumSeries_MemoryOptimized_10",
    "HardwareGen": "Premium Series - Memory Optimized",
    "DocServiceTier": "Next-Gen General Purpose",
    "VCores": 10,
    "minSize_GB": 32,
    "maxSize_GB": 8000,
    "sizeIncrement_GB": 32,
    "Memory_GB": 136,
    "MaxDataIOPS": "",
    "IOLatencyMinInMs": 3,
    "IOLatencyMaxInMs": 5,
    "minStorageIOps": 300,
    "maxStorageIOps": 16000,
    "iOpsIncrement": 1,
    "minThroughtputMBps": 75,
    "maxThroughtputMBps": 367,
    "throughtputIncrementMBps": 1
  },
  {
    "name": "SQLMI_NextGenGP_PremiumSeries_MemoryOptimized_12",
    "HardwareGen": "Premium Series - Memory Optimized",
    "DocServiceTier": "Next-Gen General Purpose",
    "VCores": 12,
    "minSize_GB": 32,
    "maxSize_GB": 8000,
    "sizeIncrement_GB": 32,
    "Memory_GB": 163.2,
    "MaxDataIOPS": "",
    "IOLatencyMinInMs": 3,
    "IOLatencyMaxInMs": 5,
    "minStorageIOps": 300,
    "maxStorageIOps": 19200,
    "iOpsIncrement": 1,
    "minThroughtputMBps": 75,
    "maxThroughtputMBps": 445,
    "throughtputIncrementMBps": 1
  },
  {
    "name": "SQLMI_NextGenGP_PremiumSeries_MemoryOptimized_16",
    "HardwareGen": "Premium Series - Memory Optimized",
    "DocServiceTier": "Next-Gen General Purpose",
    "VCores": 16,
    "minSize_GB": 32,
    "maxSize_GB": 16000,
    "sizeIncrement_GB": 32,
    "Memory_GB": 217.6,
    "MaxDataIOPS": "",
    "IOLatencyMinInMs": 3,
    "IOLatencyMaxInMs": 5,
    "minStorageIOps": 300,
    "maxStorageIOps": 25600,
    "iOpsIncrement": 1,
    "minThroughtputMBps": 75,
    "maxThroughtputMBps": 600,
    "throughtputIncrementMBps": 1
  },
  {
    "name": "SQLMI_NextGenGP_PremiumSeries_MemoryOptimized_20",
    "HardwareGen": "Premium Series - Memory Optimized",
    "DocServiceTier": "Next-Gen General Purpose",
    "VCores": 20,
    "minSize_GB": 32,
    "maxSize_GB": 16000,
    "sizeIncrement_GB": 32,
    "Memory_GB": 272,
    "MaxDataIOPS": "",
    "IOLatencyMinInMs": 3,
    "IOLatencyMaxInMs": 5,
    "minStorageIOps": 300,
    "maxStorageIOps": 32000,
    "iOpsIncrement": 1,
    "minThroughtputMBps": 75,
    "maxThroughtputMBps": 665,
    "throughtputIncrementMBps": 1
  },
  {
    "name": "SQLMI_NextGenGP_PremiumSeries_MemoryOptimized_24",
    "HardwareGen": "Premium Series - Memory Optimized",
    "DocServiceTier": "Next-Gen General Purpose",
    "VCores": 24,
    "minSize_GB": 32,
    "maxSize_GB": 16000,
    "sizeIncrement_GB": 32,
    "Memory_GB": 326.4,
    "MaxDataIOPS": "",
    "IOLatencyMinInMs": 3,
    "IOLatencyMaxInMs": 5,
    "minStorageIOps": 300,
    "maxStorageIOps": 38400,
    "iOpsIncrement": 1,
    "minThroughtputMBps": 75,
    "maxThroughtputMBps": 730,
    "throughtputIncrementMBps": 1
  },
  {
    "name": "SQLMI_NextGenGP_PremiumSeries_MemoryOptimized_32",
    "HardwareGen": "Premium Series - Memory Optimized",
    "DocServiceTier": "Next-Gen General Purpose",
    "VCores": 32,
    "minSize_GB": 32,
    "maxSize_GB": 32000,
    "sizeIncrement_GB": 32,
    "Memory_GB": 435.2,
    "MaxDataIOPS": "",
    "IOLatencyMinInMs": 3,
    "IOLatencyMaxInMs": 5,
    "minStorageIOps": 300,
    "maxStorageIOps": 51200,
    "iOpsIncrement": 1,
    "minThroughtputMBps": 75,
    "maxThroughtputMBps": 865,
    "throughtputIncrementMBps": 1
  },
  {
    "name": "SQLMI_NextGenGP_PremiumSeries_MemoryOptimized_40",
    "HardwareGen": "Premium Series - Memory Optimized",
    "DocServiceTier": "Next-Gen General Purpose",
    "VCores": 40,
    "minSize_GB": 32,
    "maxSize_GB": 32000,
    "sizeIncrement_GB": 32,
    "Memory_GB": 544,
    "MaxDataIOPS": "",
    "IOLatencyMinInMs": 3,
    "IOLatencyMaxInMs": 5,
    "minStorageIOps": 300,
    "maxStorageIOps": 64000,
    "iOpsIncrement": 1,
    "minThroughtputMBps": 75,
    "maxThroughtputMBps": 1152,
    "throughtputIncrementMBps": 1
  },
  {
    "name": "SQLMI_NextGenGP_PremiumSeries_MemoryOptimized_48",
    "HardwareGen": "Premium Series - Memory Optimized",
    "DocServiceTier": "Next-Gen General Purpose",
    "VCores": 48,
    "minSize_GB": 32,
    "maxSize_GB": 32000,
    "sizeIncrement_GB": 32,
    "Memory_GB": 652.8,
    "MaxDataIOPS": "",
    "IOLatencyMinInMs": 3,
    "IOLatencyMaxInMs": 5,
    "minStorageIOps": 300,
    "maxStorageIOps": 76800,
    "iOpsIncrement": 1,
    "minThroughtputMBps": 75,
    "maxThroughtputMBps": 1200,
    "throughtputIncrementMBps": 1
  },
  {
    "name": "SQLMI_NextGenGP_PremiumSeries_MemoryOptimized_56",
    "HardwareGen": "Premium Series - Memory Optimized",
    "DocServiceTier": "Next-Gen General Purpose",
    "VCores": 56,
    "minSize_GB": 32,
    "maxSize_GB": 32000,
    "sizeIncrement_GB": 32,
    "Memory_GB": 761.1,
    "MaxDataIOPS": "",
    "IOLatencyMinInMs": 3,
    "IOLatencyMaxInMs": 5,
    "minStorageIOps": 300,
    "maxStorageIOps": 80000,
    "iOpsIncrement": 1,
    "minThroughtputMBps": 75,
    "maxThroughtputMBps": 1200,
    "throughtputIncrementMBps": 1
  },
  {
    "name": "SQLMI_NextGenGP_PremiumSeries_MemoryOptimized_64",
    "HardwareGen": "Premium Series - Memory Optimized",
    "DocServiceTier": "Next-Gen General Purpose",
    "VCores": 64,
    "minSize_GB": 32,
    "maxSize_GB": 32000,
    "sizeIncrement_GB": 32,
    "Memory_GB": 870.4,
    "MaxDataIOPS": "",
    "IOLatencyMinInMs": 3,
    "IOLatencyMaxInMs": 5,
    "minStorageIOps": 300,
    "maxStorageIOps": 80000,
    "iOpsIncrement": 1,
    "minThroughtputMBps": 75,
    "maxThroughtputMBps": 1200,
    "throughtputIncrementMBps": 1
  },
  {
    "name": "SQLMI_NextGenGP_PremiumSeries_MemoryOptimized_80",
    "HardwareGen": "Premium Series - Memory Optimized",
    "DocServiceTier": "Next-Gen General Purpose",
    "VCores": 80,
    "minSize_GB": 32,
    "maxSize_GB": 32000,
    "sizeIncrement_GB": 32,
    "Memory_GB": 870.4,
    "MaxDataIOPS": "",
    "IOLatencyMinInMs": 3,
    "IOLatencyMaxInMs": 5,
    "minStorageIOps": 300,
    "maxStorageIOps": 80000,
    "iOpsIncrement": 1,
    "minThroughtputMBps": 75,
    "maxThroughtputMBps": 1200,
    "throughtputIncrementMBps": 1
  },
  {
    "name": "SQLMI_NextGenGP_PremiumSeries_MemoryOptimized_96",
    "HardwareGen": "Premium Series - Memory Optimized",
    "DocServiceTier": "Next-Gen General Purpose",
    "VCores": 96,
    "minSize_GB": 32,
    "maxSize_GB": 32000,
    "sizeIncrement_GB": 32,
    "Memory_GB": 870.4,
    "MaxDataIOPS": "",
    "IOLatencyMinInMs": 3,
    "IOLatencyMaxInMs": 5,
    "minStorageIOps": 300,
    "maxStorageIOps": 80000,
    "iOpsIncrement": 1,
    "minThroughtputMBps": 75,
    "maxThroughtputMBps": 1200,
    "throughtputIncrementMBps": 1
  },
  {
    "name": "SQLMI_NextGenGP_PremiumSeries_MemoryOptimized_128",
    "HardwareGen": "Premium Series - Memory Optimized",
    "DocServiceTier": "Next-Gen General Purpose",
    "VCores": 128,
    "minSize_GB": 32,
    "maxSize_GB": 32000,
    "sizeIncrement_GB": 32,
    "Memory_GB": 870.4,
    "MaxDataIOPS": "",
    "IOLatencyMinInMs": 3,
    "IOLatencyMaxInMs": 5,
    "minStorageIOps": 300,
    "maxStorageIOps": 80000,
    "iOpsIncrement": 1,
    "minThroughtputMBps": 75,
    "maxThroughtputMBps": 1200,
    "throughtputIncrementMBps": 1
  },
  {
    "name": "SQLMI_NextGenGP_PremiumSeries_4",
    "HardwareGen": "Premium Series",
    "DocServiceTier": "Next-Gen General Purpose",
    "VCores": 4,
    "minSize_GB": 32,
    "maxSize_GB": 2000,
    "sizeIncrement_GB": 32,
    "Memory_GB": 28,
    "MaxDataIOPS": "",
    "IOLatencyMinInMs": 3,
    "IOLatencyMaxInMs": 5,
    "minStorageIOps": 300,
    "maxStorageIOps": 6400,
    "iOpsIncrement": 1,
    "minThroughtputMBps": 75,
    "maxThroughtputMBps": 145,
    "throughtputIncrementMBps": 1
  },
  {
    "name": "SQLMI_NextGenGP_PremiumSeries_6",
    "HardwareGen": "Premium Series",
    "DocServiceTier": "Next-Gen General Purpose",
    "VCores": 6,
    "minSize_GB": 32,
    "maxSize_GB": 2000,
    "sizeIncrement_GB": 32,
    "Memory_GB": 42,
    "MaxDataIOPS": "",
    "IOLatencyMinInMs": 3,
    "IOLatencyMaxInMs": 5,
    "minStorageIOps": 300,
    "maxStorageIOps": 9600,
    "iOpsIncrement": 1,
    "minThroughtputMBps": 75,
    "maxThroughtputMBps": 217,
    "throughtputIncrementMBps": 1
  },
  {
    "name": "SQLMI_NextGenGP_PremiumSeries_8",
    "HardwareGen": "Premium Series",
    "DocServiceTier": "Next-Gen General Purpose",
    "VCores": 8,
    "minSize_GB": 32,
    "maxSize_GB": 8000,
    "sizeIncrement_GB": 32,
    "Memory_GB": 56,
    "MaxDataIOPS": "",
    "IOLatencyMinInMs": 3,
    "IOLatencyMaxInMs": 5,
    "minStorageIOps": 300,
    "maxStorageIOps": 12800,
    "iOpsIncrement": 1,
    "minThroughtputMBps": 75,
    "maxThroughtputMBps": 290,
    "throughtputIncrementMBps": 1
  },
  {
    "name": "SQLMI_NextGenGP_PremiumSeries_10",
    "HardwareGen": "Premium Series",
    "DocServiceTier": "Next-Gen General Purpose",
    "VCores": 10,
    "minSize_GB": 32,
    "maxSize_GB": 8000,
    "sizeIncrement_GB": 32,
    "Memory_GB": 70,
    "MaxDataIOPS": "",
    "IOLatencyMinInMs": 3,
    "IOLatencyMaxInMs": 5,
    "minStorageIOps": 300,
    "maxStorageIOps": 16000,
    "iOpsIncrement": 1,
    "minThroughtputMBps": 75,
    "maxThroughtputMBps": 367,
    "throughtputIncrementMBps": 1
  },
  {
    "name": "SQLMI_NextGenGP_PremiumSeries_12",
    "HardwareGen": "Premium Series",
    "DocServiceTier": "Next-Gen General Purpose",
    "VCores": 12,
    "minSize_GB": 32,
    "maxSize_GB": 8000,
    "sizeIncrement_GB": 32,
    "Memory_GB": 84,
    "MaxDataIOPS": "",
    "IOLatencyMinInMs": 3,
    "IOLatencyMaxInMs": 5,
    "minStorageIOps": 300,
    "maxStorageIOps": 19200,
    "iOpsIncrement": 1,
    "minThroughtputMBps": 75,
    "maxThroughtputMBps": 445,
    "throughtputIncrementMBps": 1
  },
  {
    "name": "SQLMI_NextGenGP_PremiumSeries_16",
    "HardwareGen": "Premium Series",
    "DocServiceTier": "Next-Gen General Purpose",
    "VCores": 16,
    "minSize_GB": 32,
    "maxSize_GB": 16000,
    "sizeIncrement_GB": 32,
    "Memory_GB": 112,
    "MaxDataIOPS": "",
    "IOLatencyMinInMs": 3,
    "IOLatencyMaxInMs": 5,
    "minStorageIOps": 300,
    "maxStorageIOps": 25600,
    "iOpsIncrement": 1,
    "minThroughtputMBps": 75,
    "maxThroughtputMBps": 600,
    "throughtputIncrementMBps": 1
  },
  {
    "name": "SQLMI_NextGenGP_PremiumSeries_20",
    "HardwareGen": "Premium Series",
    "DocServiceTier": "Next-Gen General Purpose",
    "VCores": 20,
    "minSize_GB": 32,
    "maxSize_GB": 16000,
    "sizeIncrement_GB": 32,
    "Memory_GB": 140,
    "MaxDataIOPS": "",
    "IOLatencyMinInMs": 3,
    "IOLatencyMaxInMs": 5,
    "minStorageIOps": 300,
    "maxStorageIOps": 32000,
    "iOpsIncrement": 1,
    "minThroughtputMBps": 75,
    "maxThroughtputMBps": 665,
    "throughtputIncrementMBps": 1
  },
  {
    "name": "SQLMI_NextGenGP_PremiumSeries_24",
    "HardwareGen": "Premium Series",
    "DocServiceTier": "Next-Gen General Purpose",
    "VCores": 24,
    "minSize_GB": 32,
    "maxSize_GB": 16000,
    "sizeIncrement_GB": 32,
    "Memory_GB": 168,
    "MaxDataIOPS": "",
    "IOLatencyMinInMs": 3,
    "IOLatencyMaxInMs": 5,
    "minStorageIOps": 300,
    "maxStorageIOps": 38400,
    "iOpsIncrement": 1,
    "minThroughtputMBps": 75,
    "maxThroughtputMBps": 730,
    "throughtputIncrementMBps": 1
  },
  {
    "name": "SQLMI_NextGenGP_PremiumSeries_32",
    "HardwareGen": "Premium Series",
    "DocServiceTier": "Next-Gen General Purpose",
    "VCores": 32,
    "minSize_GB": 32,
    "maxSize_GB": 32000,
    "sizeIncrement_GB": 32,
    "Memory_GB": 224,
    "MaxDataIOPS": "",
    "IOLatencyMinInMs": 3,
    "IOLatencyMaxInMs": 5,
    "minStorageIOps": 300,
    "maxStorageIOps": 51200,
    "iOpsIncrement": 1,
    "minThroughtputMBps": 75,
    "maxThroughtputMBps": 865,
    "throughtputIncrementMBps": 1
  },
  {
    "name": "SQLMI_NextGenGP_PremiumSeries_40",
    "HardwareGen": "Premium Series",
    "DocServiceTier": "Next-Gen General Purpose",
    "VCores": 40,
    "minSize_GB": 32,
    "maxSize_GB": 32000,
    "sizeIncrement_GB": 32,
    "Memory_GB": 280,
    "MaxDataIOPS": "",
    "IOLatencyMinInMs": 3,
    "IOLatencyMaxInMs": 5,
    "minStorageIOps": 300,
    "maxStorageIOps": 64000,
    "iOpsIncrement": 1,
    "minThroughtputMBps": 75,
    "maxThroughtputMBps": 1152,
    "throughtputIncrementMBps": 1
  },
  {
    "name": "SQLMI_NextGenGP_PremiumSeries_48",
    "HardwareGen": "Premium Series",
    "DocServiceTier": "Next-Gen General Purpose",
    "VCores": 48,
    "minSize_GB": 32,
    "maxSize_GB": 32000,
    "sizeIncrement_GB": 32,
    "Memory_GB": 336,
    "MaxDataIOPS": "",
    "IOLatencyMinInMs": 3,
    "IOLatencyMaxInMs": 5,
    "minStorageIOps": 300,
    "maxStorageIOps": 76800,
    "iOpsIncrement": 1,
    "minThroughtputMBps": 75,
    "maxThroughtputMBps": 1200,
    "throughtputIncrementMBps": 1
  },
  {
    "name": "SQLMI_NextGenGP_PremiumSeries_56",
    "HardwareGen": "Premium Series",
    "DocServiceTier": "Next-Gen General Purpose",
    "VCores": 56,
    "minSize_GB": 32,
    "maxSize_GB": 32000,
    "sizeIncrement_GB": 32,
    "Memory_GB": 392,
    "MaxDataIOPS": "",
    "IOLatencyMinInMs": 3,
    "IOLatencyMaxInMs": 5,
    "minStorageIOps": 300,
    "maxStorageIOps": 80000,
    "iOpsIncrement": 1,
    "minThroughtputMBps": 75,
    "maxThroughtputMBps": 1200,
    "throughtputIncrementMBps": 1
  },
  {
    "name": "SQLMI_NextGenGP_PremiumSeries_64",
    "HardwareGen": "Premium Series",
    "DocServiceTier": "Next-Gen General Purpose",
    "VCores": 64,
    "minSize_GB": 32,
    "maxSize_GB": 32000,
    "sizeIncrement_GB": 32,
    "Memory_GB": 448,
    "MaxDataIOPS": "",
    "IOLatencyMinInMs": 3,
    "IOLatencyMaxInMs": 5,
    "minStorageIOps": 300,
    "maxStorageIOps": 80000,
    "iOpsIncrement": 1,
    "minThroughtputMBps": 75,
    "maxThroughtputMBps": 1200,
    "throughtputIncrementMBps": 1
  },
  {
    "name": "SQLMI_NextGenGP_PremiumSeries_80",
    "HardwareGen": "Premium Series",
    "DocServiceTier": "Next-Gen General Purpose",
    "VCores": 80,
    "minSize_GB": 32,
    "maxSize_GB": 32000,
    "sizeIncrement_GB": 32,
    "Memory_GB": 560,
    "MaxDataIOPS": "",
    "IOLatencyMinInMs": 3,
    "IOLatencyMaxInMs": 5,
    "minStorageIOps": 300,
    "maxStorageIOps": 80000,
    "iOpsIncrement": 1,
    "minThroughtputMBps": 75,
    "maxThroughtputMBps": 1200,
    "throughtputIncrementMBps": 1
  },
  {
    "name": "SQLMI_NextGenGP_PremiumSeries_96",
    "HardwareGen": "Premium Series",
    "DocServiceTier": "Next-Gen General Purpose",
    "VCores": 96,
    "minSize_GB": 32,
    "maxSize_GB": 32000,
    "sizeIncrement_GB": 32,
    "Memory_GB": 560,
    "MaxDataIOPS": "",
    "IOLatencyMinInMs": 3,
    "IOLatencyMaxInMs": 5,
    "minStorageIOps": 300,
    "maxStorageIOps": 80000,
    "iOpsIncrement": 1,
    "minThroughtputMBps": 75,
    "maxThroughtputMBps": 1200,
    "throughtputIncrementMBps": 1
  },
  {
    "name": "SQLMI_NextGenGP_PremiumSeries_128",
    "HardwareGen": "Premium Series",
    "DocServiceTier": "Next-Gen General Purpose",
    "VCores": 128,
    "minSize_GB": 32,
    "maxSize_GB": 32000,
    "sizeIncrement_GB": 32,
    "Memory_GB": 560,
    "MaxDataIOPS": "",
    "IOLatencyMinInMs": 3,
    "IOLatencyMaxInMs": 5,
    "minStorageIOps": 300,
    "maxStorageIOps": 80000,
    "iOpsIncrement": 1,
    "minThroughtputMBps": 75,
    "maxThroughtputMBps": 1200,
    "throughtputIncrementMBps": 1
  },
  {
    "name": "SQLMI_NextGenGP_Gen5_4",
    "HardwareGen": "Gen5",
    "DocServiceTier": "Next-Gen General Purpose",
    "VCores": 4,
    "minSize_GB": 32,
    "maxSize_GB": 2000,
    "sizeIncrement_GB": 32,
    "Memory_GB": 20.4,
    "MaxDataIOPS": "",
    "IOLatencyMinInMs": 3,
    "IOLatencyMaxInMs": 5,
    "minStorageIOps": 300,
    "maxStorageIOps": 6400,
    "iOpsIncrement": 1,
    "minThroughtputMBps": 75,
    "maxThroughtputMBps": 145,
    "throughtputIncrementMBps": 1
  },
  {
    "name": "SQLMI_NextGenGP_Gen5_8",
    "HardwareGen": "Gen5",
    "DocServiceTier": "Next-Gen General Purpose",
    "VCores": 8,
    "minSize_GB": 32,
    "maxSize_GB": 8000,
    "sizeIncrement_GB": 32,
    "Memory_GB": 40.8,
    "MaxDataIOPS": "",
    "IOLatencyMinInMs": 3,
    "IOLatencyMaxInMs": 5,
    "minStorageIOps": 300,
    "maxStorageIOps": 12800,
    "iOpsIncrement": 1,
    "minThroughtputMBps": 75,
    "maxThroughtputMBps": 290,
    "throughtputIncrementMBps": 1
  },
  {
    "name": "SQLMI_NextGenGP_Gen5_16",
    "HardwareGen": "Gen5",
    "DocServiceTier": "Next-Gen General Purpose",
    "VCores": 16,
    "minSize_GB": 32,
    "maxSize_GB": 16000,
    "sizeIncrement_GB": 32,
    "Memory_GB": 81.6,
    "MaxDataIOPS": "",
    "IOLatencyMinInMs": 3,
    "IOLatencyMaxInMs": 5,
    "minStorageIOps": 300,
    "maxStorageIOps": 25600,
    "iOpsIncrement": 1,
    "minThroughtputMBps": 75,
    "maxThroughtputMBps": 600,
    "throughtputIncrementMBps": 1
  },
  {
    "name": "SQLMI_NextGenGP_Gen5_24",
    "HardwareGen": "Gen5",
    "DocServiceTier": "Next-Gen General Purpose",
    "VCores": 24,
    "minSize_GB": 32,
    "maxSize_GB": 16000,
    "sizeIncrement_GB": 32,
    "Memory_GB": 122.4,
    "MaxDataIOPS": "",
    "IOLatencyMinInMs": 3,
    "IOLatencyMaxInMs": 5,
    "minStorageIOps": 300,
    "maxStorageIOps": 38400,
    "iOpsIncrement": 1,
    "minThroughtputMBps": 75,
    "maxThroughtputMBps": 730,
    "throughtputIncrementMBps": 1
  },
  {
    "name": "SQLMI_NextGenGP_Gen5_32",
    "HardwareGen": "Gen5",
    "DocServiceTier": "Next-Gen General Purpose",
    "VCores": 32,
    "minSize_GB": 32,
    "maxSize_GB": 32000,
    "sizeIncrement_GB": 32,
    "Memory_GB": 163.2,
    "MaxDataIOPS": "",
    "IOLatencyMinInMs": 3,
    "IOLatencyMaxInMs": 5,
    "minStorageIOps": 300,
    "maxStorageIOps": 51200,
    "iOpsIncrement": 1,
    "minThroughtputMBps": 75,
    "maxThroughtputMBps": 865,
    "throughtputIncrementMBps": 1
  },
  {
    "name": "SQLMI_NextGenGP_Gen5_40",
    "HardwareGen": "Gen5",
    "DocServiceTier": "Next-Gen General Purpose",
    "VCores": 40,
    "minSize_GB": 32,
    "maxSize_GB": 32000,
    "sizeIncrement_GB": 32,
    "Memory_GB": 204,
    "MaxDataIOPS": "",
    "IOLatencyMinInMs": 3,
    "IOLatencyMaxInMs": 5,
    "minStorageIOps": 300,
    "maxStorageIOps": 64000,
    "iOpsIncrement": 1,
    "minThroughtputMBps": 75,
    "maxThroughtputMBps": 1152,
    "throughtputIncrementMBps": 1
  },
  {
    "name": "SQLMI_NextGenGP_Gen5_64",
    "HardwareGen": "Gen5",
    "DocServiceTier": "Next-Gen General Purpose",
    "VCores": 64,
    "minSize_GB": 32,
    "maxSize_GB": 32000,
    "sizeIncrement_GB": 32,
    "Memory_GB": 326.4,
    "MaxDataIOPS": "",
    "IOLatencyMinInMs": 3,
    "IOLatencyMaxInMs": 5,
    "minStorageIOps": 300,
    "maxStorageIOps": 80000,
    "iOpsIncrement": 1,
    "minThroughtputMBps": 75,
    "maxThroughtputMBps": 1200,
    "throughtputIncrementMBps": 1
  },
  {
    "name": "SQLMI_NextGenGP_Gen5_80",
    "HardwareGen": "Gen5",
    "DocServiceTier": "Next-Gen General Purpose",
    "VCores": 80,
    "minSize_GB": 32,
    "maxSize_GB": 32000,
    "sizeIncrement_GB": 32,
    "Memory_GB": 408,
    "MaxDataIOPS": "",
    "IOLatencyMinInMs": 3,
    "IOLatencyMaxInMs": 5,
    "minStorageIOps": 300,
    "maxStorageIOps": 80000,
    "iOpsIncrement": 1,
    "minThroughtputMBps": 75,
    "maxThroughtputMBps": 1200,
    "throughtputIncrementMBps": 1
  }
]